<environmentvariabledefinition schemaname="crafa_jiraBoardId">
  <description default="JIRA Board Id">
    <label description="JIRA Board Id" languagecode="1033" />
  </description>
  <displayname default="JIRA Board Id">
    <label description="JIRA Board Id" languagecode="1033" />
  </displayname>
  <introducedversion>1.0.0.12</introducedversion>
  <iscustomizable>1</iscustomizable>
  <isrequired>0</isrequired>
  <secretstore>0</secretstore>
  <type>100000000</type>
</environmentvariabledefinition>