<environmentvariabledefinition schemaname="crc28_jraOrganizationId">
  <description default="Jira OrganizationId">
    <label description="Jira OrganizationId" languagecode="1033" />
  </description>
  <displayname default="Jira OrganizationId">
    <label description="Jira OrganizationId" languagecode="1033" />
  </displayname>
  <introducedversion>1.0.0.0</introducedversion>
  <iscustomizable>1</iscustomizable>
  <isrequired>0</isrequired>
  <secretstore>0</secretstore>
  <type>100000000</type>
</environmentvariabledefinition>