<ImportExportXml version="9.2.25014.158" SolutionPackageVersion="9.2" languagecode="1033" generatedBy="CrmLive" xmlns:xsi="http://www.w3.org/2001/XMLSchema-instance" OrganizationVersion="9.2.25014.158" OrganizationSchemaType="Standard" CRMServerServiceabilityVersion="9.2.25014.00162">
  <SolutionManifest>
    <UniqueName>Cr15dd2</UniqueName>
    <LocalizedNames>
      <LocalizedName description="Common Data Services Default Solution" languagecode="1033" />
    </LocalizedNames>
    <Descriptions />
    <Version>1.0.0.25</Version>
    <Managed>0</Managed>
    <Publisher>
      <UniqueName>Cr73527</UniqueName>
      <LocalizedNames>
        <LocalizedName description="CDS Default Publisher" languagecode="1033" />
      </LocalizedNames>
      <Descriptions />
      <EMailAddress xsi:nil="true"></EMailAddress>
      <SupportingWebsiteUrl xsi:nil="true"></SupportingWebsiteUrl>
      <CustomizationPrefix>crafa</CustomizationPrefix>
      <CustomizationOptionValuePrefix>37239</CustomizationOptionValuePrefix>
      <Addresses>
        <Address>
          <AddressNumber>1</AddressNumber>
          <AddressTypeCode xsi:nil="true"></AddressTypeCode>
          <City xsi:nil="true"></City>
          <County xsi:nil="true"></County>
          <Country xsi:nil="true"></Country>
          <Fax xsi:nil="true"></Fax>
          <FreightTermsCode xsi:nil="true"></FreightTermsCode>
          <ImportSequenceNumber xsi:nil="true"></ImportSequenceNumber>
          <Latitude xsi:nil="true"></Latitude>
          <Line1 xsi:nil="true"></Line1>
          <Line2 xsi:nil="true"></Line2>
          <Line3 xsi:nil="true"></Line3>
          <Longitude xsi:nil="true"></Longitude>
          <Name xsi:nil="true"></Name>
          <PostalCode xsi:nil="true"></PostalCode>
          <PostOfficeBox xsi:nil="true"></PostOfficeBox>
          <PrimaryContactName xsi:nil="true"></PrimaryContactName>
          <ShippingMethodCode xsi:nil="true"></ShippingMethodCode>
          <StateOrProvince xsi:nil="true"></StateOrProvince>
          <Telephone1 xsi:nil="true"></Telephone1>
          <Telephone2 xsi:nil="true"></Telephone2>
          <Telephone3 xsi:nil="true"></Telephone3>
          <TimeZoneRuleVersionNumber xsi:nil="true"></TimeZoneRuleVersionNumber>
          <UPSZone xsi:nil="true"></UPSZone>
          <UTCOffset xsi:nil="true"></UTCOffset>
          <UTCConversionTimeZoneCode xsi:nil="true"></UTCConversionTimeZoneCode>
        </Address>
        <Address>
          <AddressNumber>2</AddressNumber>
          <AddressTypeCode xsi:nil="true"></AddressTypeCode>
          <City xsi:nil="true"></City>
          <County xsi:nil="true"></County>
          <Country xsi:nil="true"></Country>
          <Fax xsi:nil="true"></Fax>
          <FreightTermsCode xsi:nil="true"></FreightTermsCode>
          <ImportSequenceNumber xsi:nil="true"></ImportSequenceNumber>
          <Latitude xsi:nil="true"></Latitude>
          <Line1 xsi:nil="true"></Line1>
          <Line2 xsi:nil="true"></Line2>
          <Line3 xsi:nil="true"></Line3>
          <Longitude xsi:nil="true"></Longitude>
          <Name xsi:nil="true"></Name>
          <PostalCode xsi:nil="true"></PostalCode>
          <PostOfficeBox xsi:nil="true"></PostOfficeBox>
          <PrimaryContactName xsi:nil="true"></PrimaryContactName>
          <ShippingMethodCode xsi:nil="true"></ShippingMethodCode>
          <StateOrProvince xsi:nil="true"></StateOrProvince>
          <Telephone1 xsi:nil="true"></Telephone1>
          <Telephone2 xsi:nil="true"></Telephone2>
          <Telephone3 xsi:nil="true"></Telephone3>
          <TimeZoneRuleVersionNumber xsi:nil="true"></TimeZoneRuleVersionNumber>
          <UPSZone xsi:nil="true"></UPSZone>
          <UTCOffset xsi:nil="true"></UTCOffset>
          <UTCConversionTimeZoneCode xsi:nil="true"></UTCConversionTimeZoneCode>
        </Address>
      </Addresses>
    </Publisher>
    <RootComponents>
      <RootComponent type="29" id="{14728e28-69db-ef11-a72f-000d3a661c77}" behavior="0" />
      <RootComponent type="29" id="{3480e210-c0e0-ef11-a730-000d3a661c77}" behavior="0" />
      <RootComponent type="29" id="{4415032f-a2da-ef11-a730-000d3a661c77}" behavior="0" />
      <RootComponent type="29" id="{4543ebf1-40da-ef11-a730-000d3ab23609}" behavior="0" />
      <RootComponent type="29" id="{4c8733e1-75e1-ef11-be20-002248a42c4e}" behavior="0" />
      <RootComponent type="29" id="{73167808-06e0-ef11-a730-000d3a661c77}" behavior="0" />
      <RootComponent type="29" id="{7fb15f98-19dc-ef11-a72f-000d3a661c77}" behavior="0" />
      <RootComponent type="29" id="{86c028b7-9cd9-ef11-a72f-000d3ab23609}" behavior="0" />
      <RootComponent type="29" id="{aae0ad74-7ce1-ef11-be20-002248a42c4e}" behavior="0" />
      <RootComponent type="29" id="{cf98eeee-a0d9-ef11-a72f-000d3ab23609}" behavior="0" />
      <RootComponent type="372" id="{33604667-633c-4b9e-a43d-5de27f0a8b53}" schemaName="crafa_5Fbamboohr-20api" behavior="0" />
      <RootComponent type="372" id="{0041f980-ec5f-408b-9a0a-154af36a42e5}" schemaName="new_jira-20api" behavior="0" />
      <RootComponent type="401" id="{0c929713-dd06-415a-8ff8-d41cbf701321}" behavior="0" />
      <RootComponent type="401" id="{3baaf094-5e2b-47dc-8574-89f30ba4d35f}" behavior="0" />
      <RootComponent type="401" id="{dc1bd9f8-6bda-43b5-a7d4-5bd78de0beec}" behavior="0" />
      <RootComponent type="401" id="{fe2fc328-9ec2-476f-80f6-4b93cfa4f50c}" behavior="0" />
    </RootComponents>
    <MissingDependencies />
  </SolutionManifest>
</ImportExportXml>