<environmentvariabledefinition schemaname="crafa_bamboohr_companyDomain">
  <description default="Company domain for BambooHR connection">
    <label description="Company domain for BambooHR connection" languagecode="1033" />
  </description>
  <displayname default="Company Domain for BambooHR">
    <label description="Company Domain for BambooHR" languagecode="1033" />
  </displayname>
  <introducedversion>1.0.0.12</introducedversion>
  <iscustomizable>1</iscustomizable>
  <isrequired>0</isrequired>
  <secretstore>0</secretstore>
  <type>100000000</type>
</environmentvariabledefinition>