<botcomponent schemaname="crc28_timeWardenV2.topic.Escalate">
  <componenttype>9</componenttype>
  <description>This system topic is triggered when the user indicates they would like to speak to a human agent.
You can configure how the copilot will handle human hand-off scenarios in the copilot settings.
If your copilot does not handle escalations, this topic should be disabled.</description>
  <iscustomizable>0</iscustomizable>
  <name>Escalate</name>
  <parentbotid>
    <schemaname>crc28_timeWardenV2</schemaname>
  </parentbotid>
</botcomponent>