<environmentvariabledefinition schemaname="crc28_jiraTeamId">
  <description default="Jira Team Id">
    <label description="Jira Team Id" languagecode="1033" />
  </description>
  <displayname default="Jira Team Id">
    <label description="Jira Team Id" languagecode="1033" />
  </displayname>
  <introducedversion>1.0.0.0</introducedversion>
  <iscustomizable>1</iscustomizable>
  <isrequired>0</isrequired>
  <secretstore>0</secretstore>
  <type>100000000</type>
</environmentvariabledefinition>