<environmentvariabledefinition schemaname="crafa_manager_email">
  <description default="Manager Email">
    <label description="Manager Email" languagecode="1033" />
  </description>
  <displayname default="Manager Email">
    <label description="Manager Email" languagecode="1033" />
  </displayname>
  <introducedversion>1.0.0.12</introducedversion>
  <iscustomizable>1</iscustomizable>
  <isrequired>0</isrequired>
  <secretstore>0</secretstore>
  <type>100000000</type>
</environmentvariabledefinition>